{"factcc": -1, "rouge": {"rouge1": 0.2694671596899836, "rouge2": 0.1327110741123796, "rougeL": 0.21850588035679797, "rougeLsum": 0.2493597938985878}}